T [celsius], Rnom [ohms], Rmin [ohms], Rmax [ohms], delta R/R [+-%], delta T [+- celsius], alpha [%/K]
-40,332093.57,319417.7,344769.5,3.82,0.58,-6.62
-39,310902.87,299207.4,322598.4,3.76,0.57,-6.57
-38,291196.14,280401.3,301991,3.71,0.57,-6.53
-37,272860.87,262893.8,282828,3.65,0.56,-6.48
-36,255793.7,246587.6,264999.8,3.6,0.56,-6.44
-35,239899.62,231393.5,248405.7,3.55,0.55,-6.39
-34,225091.26,217229.3,232953.2,3.49,0.55,-6.35
-33,211288.21,204019.2,218557.2,3.44,0.55,-6.31
-32,198416.47,191693.5,205139.4,3.39,0.54,-6.26
-31,186407.88,180188,192627.8,3.34,0.54,-6.22
-30,175199.63,169443.3,180955.9,3.29,0.53,-6.18
-29,164733.82,159405,170062.6,3.23,0.53,-6.14
-28,154957.06,150022.5,159891.6,3.18,0.52,-6.1
-27,145820.07,141249.3,150390.9,3.13,0.52,-6.06
-26,137277.36,133042.3,141512.4,3.09,0.51,-6.02
-25,129286.93,125361.9,133212,3.04,0.51,-5.98
-24,121809.96,118171.3,125448.7,2.99,0.5,-5.94
-23,114810.55,111436.4,118184.7,2.94,0.5,-5.9
-22,108255.54,105126,111385.1,2.89,0.49,-5.86
-21,102114.22,99210.8,105017.7,2.84,0.49,-5.82
-20,96358.16,93663.9,99052.5,2.8,0.48,-5.78
-19,90961.05,88460.3,93461.8,2.75,0.48,-5.75
-18,85898.5,83576.8,88220.2,2.7,0.47,-5.71
-17,81147.92,78992,83303.8,2.66,0.47,-5.67
-16,76688.35,74686,78690.7,2.61,0.46,-5.63
-15,72500.36,70640.3,74360.5,2.57,0.46,-5.6
-14,68565.91,66837.6,70294.2,2.52,0.45,-5.56
-13,64868.25,63262.2,66474.3,2.48,0.45,-5.53
-12,61391.84,59899,62884.6,2.43,0.44,-5.49
-11,58122.21,56734.5,59509.9,2.39,0.44,-5.46
-10,55045.94,53755.7,56336.2,2.34,0.43,-5.42
-9,52150.54,50950.8,53350.3,2.3,0.43,-5.39
-8,49424.39,48308.6,50540.2,2.26,0.42,-5.35
-7,46856.68,45818.9,47894.5,2.21,0.42,-5.32
-6,44437.33,43471.9,45402.7,2.17,0.41,-5.28
-5,42156.97,41258.8,43055.1,2.13,0.41,-5.25
-4,40006.87,39171.2,40842.5,2.09,0.4,-5.22
-3,37978.88,37201.4,38756.4,2.05,0.39,-5.19
-2,36065.42,35341.9,36788.9,2.01,0.39,-5.15
-1,34259.39,33586.1,34932.7,1.97,0.38,-5.12
0,32554.2,31927.6,33180.8,1.92,0.38,-5.09
1,30943.68,30360.5,31526.8,1.88,0.37,-5.06
2,29422.05,28879.3,29964.8,1.84,0.37,-5.03
3,27983.96,27478.9,28489.1,1.8,0.36,-5
4,26624.36,26154.3,27094.4,1.77,0.36,-4.97
5,25338.55,24901.1,25776,1.73,0.35,-4.93
6,24122.15,23715,24529.3,1.69,0.34,-4.9
7,22971.03,22592.2,23349.9,1.65,0.34,-4.87
8,21881.36,21528.9,22233.9,1.61,0.33,-4.85
9,20849.53,20521.6,21177.5,1.57,0.33,-4.82
10,19872.17,19567.1,20177.3,1.54,0.32,-4.79
11,18946.11,18662.3,19229.9,1.5,0.31,-4.76
12,18068.4,17804.5,18332.3,1.46,0.31,-4.73
13,17236.27,16990.9,17481.7,1.42,0.3,-4.7
14,16447.1,16219,16675.2,1.39,0.3,-4.67
15,15698.46,15486.4,15910.5,1.35,0.29,-4.64
16,14988.06,14791,15185.1,1.31,0.28,-4.62
17,14313.74,14130.7,14496.8,1.28,0.28,-4.59
18,13673.5,13503.5,13843.5,1.24,0.27,-4.56
19,13065.42,12907.7,13223.2,1.21,0.27,-4.54
20,12487.74,12341.3,12634.1,1.17,0.26,-4.51
21,11938.78,11803,12074.6,1.14,0.25,-4.48
22,11416.96,11291.1,11542.9,1.1,0.25,-4.46
23,10920.81,10804.1,11037.5,1.07,0.24,-4.43
24,10448.92,10340.9,10557,1.03,0.24,-4.4
25,10000,9900,10100,1,0.23,-4.38
26,9572.81,9473.8,9671.8,1.03,0.24,-4.35
27,9166.18,9068.3,9264,1.07,0.25,-4.33
28,8779.03,8682.4,8875.7,1.1,0.26,-4.3
29,8410.32,8315,8505.7,1.13,0.26,-4.28
30,8059.08,7965.1,8153.1,1.17,0.27,-4.25
31,7724.4,7631.8,7817,1.2,0.28,-4.23
32,7405.42,7314.2,7496.6,1.23,0.29,-4.21
33,7101.31,7011.5,7191.1,1.26,0.3,-4.18
34,6811.32,6723,6899.6,1.3,0.31,-4.16
35,6534.72,6447.9,6621.5,1.33,0.32,-4.13
36,6270.82,6185.6,6356.1,1.36,0.33,-4.11
37,6018.98,5935.3,6102.7,1.39,0.34,-4.09
38,5778.59,5696.4,5860.8,1.42,0.35,-4.06
39,5549.06,5468.4,5629.7,1.45,0.36,-4.04
40,5329.87,5250.8,5409,1.48,0.37,-4.02
41,5120.49,5042.9,5198,1.51,0.38,-4
42,4920.43,4844.4,4996.5,1.55,0.39,-3.97
43,4729.23,4654.7,4803.7,1.58,0.4,-3.95
44,4546.47,4473.5,4619.5,1.61,0.41,-3.93
45,4371.72,4300.2,4443.2,1.64,0.42,-3.91
46,4204.6,4134.6,4274.6,1.66,0.43,-3.89
47,4044.73,3976.2,4113.3,1.69,0.44,-3.87
48,3891.77,3824.7,3958.9,1.72,0.45,-3.84
49,3745.39,3679.7,3811,1.75,0.46,-3.82
50,3605.27,3541,3669.5,1.78,0.47,-3.8
51,3471.11,3408.3,3534,1.81,0.48,-3.78
52,3342.63,3281.2,3404.1,1.84,0.49,-3.76
53,3219.57,3159.4,3279.7,1.87,0.5,-3.74
54,3101.66,3042.9,3160.5,1.9,0.51,-3.72
55,2988.68,2931.2,3046.2,1.92,0.52,-3.7
56,2880.39,2824.2,2936.6,1.95,0.53,-3.68
57,2776.57,2721.6,2831.5,1.98,0.54,-3.66
58,2677.02,2623.3,2730.7,2.01,0.55,-3.64
59,2581.54,2529,2634.1,2.03,0.56,-3.62
60,2489.95,2438.6,2541.3,2.06,0.57,-3.6
61,2402.07,2351.9,2452.2,2.09,0.58,-3.58
62,2317.74,2268.7,2366.8,2.12,0.59,-3.56
63,2236.78,2188.9,2284.7,2.14,0.6,-3.55
64,2159.06,2112.2,2205.9,2.17,0.61,-3.53
65,2084.43,2038.7,2130.2,2.2,0.63,-3.51
66,2012.75,1968,2057.5,2.22,0.64,-3.49
67,1943.9,1900.2,1987.6,2.25,0.65,-3.47
68,1877.74,1835,1920.4,2.27,0.66,-3.45
69,1814.16,1772.4,1855.9,2.3,0.67,-3.44
70,1753.04,1712.3,1793.8,2.33,0.68,-3.42
71,1694.29,1654.5,1734.1,2.35,0.69,-3.4
72,1637.79,1598.9,1676.7,2.38,0.7,-3.38
73,1583.46,1545.4,1621.5,2.4,0.71,-3.37
74,1531.19,1494,1568.3,2.43,0.72,-3.35
75,1480.91,1444.6,1517.2,2.45,0.74,-3.33
76,1432.52,1397.1,1468,2.48,0.75,-3.31
77,1385.95,1351.3,1420.6,2.5,0.76,-3.3
78,1341.12,1307.3,1375,2.53,0.77,-3.28
79,1297.95,1264.9,1331,2.55,0.78,-3.26
80,1256.39,1224.1,1288.7,2.57,0.79,-3.25
81,1216.35,1184.8,1247.9,2.6,0.8,-3.23
82,1177.79,1146.9,1208.7,2.62,0.82,-3.21
83,1140.63,1110.5,1170.8,2.65,0.83,-3.2
84,1104.82,1075.3,1134.3,2.67,0.84,-3.18
85,1070.31,1041.5,1099.1,2.69,0.85,-3.17
86,1037.04,1008.9,1065.2,2.72,0.86,-3.15
87,1004.97,977.4,1032.5,2.74,0.88,-3.13
88,974.03,947.1,1000.9,2.76,0.89,-3.12
89,944.2,917.9,970.5,2.79,0.9,-3.1
90,915.42,889.7,941.1,2.81,0.91,-3.09
91,887.66,862.5,912.8,2.83,0.92,-3.07
92,860.87,836.3,885.4,2.85,0.93,-3.06
93,835.01,811,859,2.88,0.95,-3.04
94,810.05,786.6,833.5,2.9,0.96,-3.03
95,785.96,763,808.9,2.92,0.97,-3.01
96,762.69,740.2,785.1,2.94,0.98,-3
97,740.22,718.3,762.2,2.97,1,-2.98
98,718.52,697.1,740,2.99,1.01,-2.97
99,697.56,676.6,718.6,3.01,1.02,-2.95
100,677.3,656.8,697.8,3.03,1.03,-2.94
